gvkey,datadate,fyearq,fqtr,fyr,indfmt,consol,popsrc,datafmt,tic,conm,curcdq,datacqtr,datafqtr,saleq,costat
001690,2001-03-31,2001,2,9,INDL,C,D,STD,AAPL,APPLE INC,USD,2001Q1,2001Q2,1431.0000,A
001690,2001-06-30,2001,3,9,INDL,C,D,STD,AAPL,APPLE INC,USD,2001Q2,2001Q3,1475.0000,A
001690,2001-09-30,2001,4,9,INDL,C,D,STD,AAPL,APPLE INC,USD,2001Q3,2001Q4,1450.0000,A
001690,2001-12-31,2002,1,9,INDL,C,D,STD,AAPL,APPLE INC,USD,2001Q4,2002Q1,1375.0000,A
001690,2002-03-31,2002,2,9,INDL,C,D,STD,AAPL,APPLE INC,USD,2002Q1,2002Q2,1495.0000,A
001690,2002-06-30,2002,3,9,INDL,C,D,STD,AAPL,APPLE INC,USD,2002Q2,2002Q3,1429.0000,A
001690,2002-09-30,2002,4,9,INDL,C,D,STD,AAPL,APPLE INC,USD,2002Q3,2002Q4,1443.0000,A
001690,2002-12-31,2003,1,9,INDL,C,D,STD,AAPL,APPLE INC,USD,2002Q4,2003Q1,1472.0000,A
001690,2003-03-31,2003,2,9,INDL,C,D,STD,AAPL,APPLE INC,USD,2003Q1,2003Q2,1475.0000,A
001690,2003-06-30,2003,3,9,INDL,C,D,STD,AAPL,APPLE INC,USD,2003Q2,2003Q3,1545.0000,A
001690,2003-09-30,2003,4,9,INDL,C,D,STD,AAPL,APPLE INC,USD,2003Q3,2003Q4,1715.0000,A
001690,2003-12-31,2004,1,9,INDL,C,D,STD,AAPL,APPLE INC,USD,2003Q4,2004Q1,2006.0000,A
001690,2004-03-31,2004,2,9,INDL,C,D,STD,AAPL,APPLE INC,USD,2004Q1,2004Q2,1909.0000,A
001690,2004-06-30,2004,3,9,INDL,C,D,STD,AAPL,APPLE INC,USD,2004Q2,2004Q3,2014.0000,A
001690,2004-09-30,2004,4,9,INDL,C,D,STD,AAPL,APPLE INC,USD,2004Q3,2004Q4,2350.0000,A
001690,2004-12-31,2005,1,9,INDL,C,D,STD,AAPL,APPLE INC,USD,2004Q4,2005Q1,3490.0000,A
001690,2005-03-31,2005,2,9,INDL,C,D,STD,AAPL,APPLE INC,USD,2005Q1,2005Q2,3243.0000,A
001690,2005-06-30,2005,3,9,INDL,C,D,STD,AAPL,APPLE INC,USD,2005Q2,2005Q3,3520.0000,A
001690,2005-09-30,2005,4,9,INDL,C,D,STD,AAPL,APPLE INC,USD,2005Q3,2005Q4,3678.0000,A
001690,2005-12-31,2006,1,9,INDL,C,D,STD,AAPL,APPLE INC,USD,2005Q4,2006Q1,5749.0000,A
001690,2006-03-31,2006,2,9,INDL,C,D,STD,AAPL,APPLE INC,USD,2006Q1,2006Q2,4359.0000,A
001690,2006-06-30,2006,3,9,INDL,C,D,STD,AAPL,APPLE INC,USD,2006Q2,2006Q3,4370.0000,A
001690,2006-09-30,2006,4,9,INDL,C,D,STD,AAPL,APPLE INC,USD,2006Q3,2006Q4,4837.0000,A
001690,2006-12-31,2007,1,9,INDL,C,D,STD,AAPL,APPLE INC,USD,2006Q4,2007Q1,7115.0000,A
001690,2007-03-31,2007,2,9,INDL,C,D,STD,AAPL,APPLE INC,USD,2007Q1,2007Q2,5264.0000,A
001690,2007-06-30,2007,3,9,INDL,C,D,STD,AAPL,APPLE INC,USD,2007Q2,2007Q3,5410.0000,A
001690,2007-09-30,2007,4,9,INDL,C,D,STD,AAPL,APPLE INC,USD,2007Q3,2007Q4,6217.0000,A
001690,2007-12-31,2008,1,9,INDL,C,D,STD,AAPL,APPLE INC,USD,2007Q4,2008Q1,9608.0000,A
001690,2008-03-31,2008,2,9,INDL,C,D,STD,AAPL,APPLE INC,USD,2008Q1,2008Q2,7512.0000,A
001690,2008-06-30,2008,3,9,INDL,C,D,STD,AAPL,APPLE INC,USD,2008Q2,2008Q3,7464.0000,A
001690,2008-09-30,2008,4,9,INDL,C,D,STD,AAPL,APPLE INC,USD,2008Q3,2008Q4,7895.0000,A
001690,2008-12-31,2009,1,9,INDL,C,D,STD,AAPL,APPLE INC,USD,2008Q4,2009Q1,11880.0000,A
001690,2009-03-31,2009,2,9,INDL,C,D,STD,AAPL,APPLE INC,USD,2009Q1,2009Q2,9084.0000,A
001690,2009-06-30,2009,3,9,INDL,C,D,STD,AAPL,APPLE INC,USD,2009Q2,2009Q3,9734.0000,A
001690,2009-09-30,2009,4,9,INDL,C,D,STD,AAPL,APPLE INC,USD,2009Q3,2009Q4,12207.0000,A
001690,2009-12-31,2010,1,9,INDL,C,D,STD,AAPL,APPLE INC,USD,2009Q4,2010Q1,15683.0000,A
001690,2010-03-31,2010,2,9,INDL,C,D,STD,AAPL,APPLE INC,USD,2010Q1,2010Q2,13499.0000,A
001690,2010-06-30,2010,3,9,INDL,C,D,STD,AAPL,APPLE INC,USD,2010Q2,2010Q3,15700.0000,A
001690,2010-09-30,2010,4,9,INDL,C,D,STD,AAPL,APPLE INC,USD,2010Q3,2010Q4,20343.0000,A
001690,2010-12-31,2011,1,9,INDL,C,D,STD,AAPL,APPLE INC,USD,2010Q4,2011Q1,26741.0000,A
001690,2011-03-31,2011,2,9,INDL,C,D,STD,AAPL,APPLE INC,USD,2011Q1,2011Q2,24667.0000,A
001690,2011-06-30,2011,3,9,INDL,C,D,STD,AAPL,APPLE INC,USD,2011Q2,2011Q3,28571.0000,A
001690,2011-09-30,2011,4,9,INDL,C,D,STD,AAPL,APPLE INC,USD,2011Q3,2011Q4,28270.0000,A
001690,2011-12-31,2012,1,9,INDL,C,D,STD,AAPL,APPLE INC,USD,2011Q4,2012Q1,46333.0000,A
001690,2012-03-31,2012,2,9,INDL,C,D,STD,AAPL,APPLE INC,USD,2012Q1,2012Q2,39186.0000,A
001690,2012-06-30,2012,3,9,INDL,C,D,STD,AAPL,APPLE INC,USD,2012Q2,2012Q3,35023.0000,A
001690,2012-09-30,2012,4,9,INDL,C,D,STD,AAPL,APPLE INC,USD,2012Q3,2012Q4,35966.0000,A
001690,2012-12-31,2013,1,9,INDL,C,D,STD,AAPL,APPLE INC,USD,2012Q4,2013Q1,54512.0000,A
001690,2013-03-31,2013,2,9,INDL,C,D,STD,AAPL,APPLE INC,USD,2013Q1,2013Q2,43603.0000,A
001690,2013-06-30,2013,3,9,INDL,C,D,STD,AAPL,APPLE INC,USD,2013Q2,2013Q3,35323.0000,A
001690,2013-09-30,2013,4,9,INDL,C,D,STD,AAPL,APPLE INC,USD,2013Q3,2013Q4,37472.0000,A
001690,2013-12-31,2014,1,9,INDL,C,D,STD,AAPL,APPLE INC,USD,2013Q4,2014Q1,57594.0000,A
001690,2014-03-31,2014,2,9,INDL,C,D,STD,AAPL,APPLE INC,USD,2014Q1,2014Q2,45646.0000,A
001690,2014-06-30,2014,3,9,INDL,C,D,STD,AAPL,APPLE INC,USD,2014Q2,2014Q3,37432.0000,A
001690,2014-09-30,2014,4,9,INDL,C,D,STD,AAPL,APPLE INC,USD,2014Q3,2014Q4,42123.0000,A
001690,2014-12-31,2015,1,9,INDL,C,D,STD,AAPL,APPLE INC,USD,2014Q4,2015Q1,74599.0000,A
001690,2015-03-31,2015,2,9,INDL,C,D,STD,AAPL,APPLE INC,USD,2015Q1,2015Q2,58010.0000,A
001690,2015-06-30,2015,3,9,INDL,C,D,STD,AAPL,APPLE INC,USD,2015Q2,2015Q3,49605.0000,A
001690,2015-09-30,2015,4,9,INDL,C,D,STD,AAPL,APPLE INC,USD,2015Q3,2015Q4,51501.0000,A
001690,2015-12-31,2016,1,9,INDL,C,D,STD,AAPL,APPLE INC,USD,2015Q4,2016Q1,75324.0000,A
001690,2016-03-31,2016,2,9,INDL,C,D,STD,AAPL,APPLE INC,USD,2016Q1,2016Q2,50557.0000,A
001690,2016-06-30,2016,3,9,INDL,C,D,STD,AAPL,APPLE INC,USD,2016Q2,2016Q3,42358.0000,A
001690,2016-09-30,2016,4,9,INDL,C,D,STD,AAPL,APPLE INC,USD,2016Q3,2016Q4,46852.0000,A
001690,2016-12-31,2017,1,9,INDL,C,D,STD,AAPL,APPLE INC,USD,2016Q4,2017Q1,78351.0000,A
001690,2017-03-31,2017,2,9,INDL,C,D,STD,AAPL,APPLE INC,USD,2017Q1,2017Q2,52896.0000,A
001690,2017-06-30,2017,3,9,INDL,C,D,STD,AAPL,APPLE INC,USD,2017Q2,2017Q3,45408.0000,A
001690,2017-09-30,2017,4,9,INDL,C,D,STD,AAPL,APPLE INC,USD,2017Q3,2017Q4,52579.0000,A
001690,2017-12-31,2018,1,9,INDL,C,D,STD,AAPL,APPLE INC,USD,2017Q4,2018Q1,88293.0000,A
001690,2018-03-31,2018,2,9,INDL,C,D,STD,AAPL,APPLE INC,USD,2018Q1,2018Q2,61137.0000,A
001690,2018-06-30,2018,3,9,INDL,C,D,STD,AAPL,APPLE INC,USD,2018Q2,2018Q3,53029.0000,A
001690,2018-09-30,2018,4,9,INDL,C,D,STD,AAPL,APPLE INC,USD,2018Q3,2018Q4,62900.0000,A
001690,2018-12-31,2019,1,9,INDL,C,D,STD,AAPL,APPLE INC,USD,2018Q4,2019Q1,84310.0000,A
001690,2019-03-31,2019,2,9,INDL,C,D,STD,AAPL,APPLE INC,USD,2019Q1,2019Q2,58015.0000,A
001690,2019-06-30,2019,3,9,INDL,C,D,STD,AAPL,APPLE INC,USD,2019Q2,2019Q3,53809.0000,A
001690,2019-09-30,2019,4,9,INDL,C,D,STD,AAPL,APPLE INC,USD,2019Q3,2019Q4,64040.0000,A
001690,2019-12-31,2020,1,9,INDL,C,D,STD,AAPL,APPLE INC,USD,2019Q4,2020Q1,91819.0000,A
001690,2020-03-31,2020,2,9,INDL,C,D,STD,AAPL,APPLE INC,USD,2020Q1,2020Q2,58313.0000,A
001690,2020-06-30,2020,3,9,INDL,C,D,STD,AAPL,APPLE INC,USD,2020Q2,2020Q3,59685.0000,A
001690,2020-09-30,2020,4,9,INDL,C,D,STD,AAPL,APPLE INC,USD,2020Q3,2020Q4,64698.0000,A
001690,2020-12-31,2021,1,9,INDL,C,D,STD,AAPL,APPLE INC,USD,2020Q4,2021Q1,111439.0000,A
001690,2021-03-31,2021,2,9,INDL,C,D,STD,AAPL,APPLE INC,USD,2021Q1,2021Q2,89584.0000,A
001690,2021-06-30,2021,3,9,INDL,C,D,STD,AAPL,APPLE INC,USD,2021Q2,2021Q3,81434.0000,A
001690,2021-09-30,2021,4,9,INDL,C,D,STD,AAPL,APPLE INC,USD,2021Q3,2021Q4,83360.0000,A
001690,2021-12-31,2022,1,9,INDL,C,D,STD,AAPL,APPLE INC,USD,2021Q4,2022Q1,123945.0000,A
001690,2022-03-31,2022,2,9,INDL,C,D,STD,AAPL,APPLE INC,USD,2022Q1,2022Q2,97278.0000,A
001690,2022-06-30,2022,3,9,INDL,C,D,STD,AAPL,APPLE INC,USD,2022Q2,2022Q3,82959.0000,A
001690,2022-09-30,2022,4,9,INDL,C,D,STD,AAPL,APPLE INC,USD,2022Q3,2022Q4,90146.0000,A
001690,2022-12-31,2023,1,9,INDL,C,D,STD,AAPL,APPLE INC,USD,2022Q4,2023Q1,117154.0000,A
001690,2023-03-31,2023,2,9,INDL,C,D,STD,AAPL,APPLE INC,USD,2023Q1,2023Q2,94836.0000,A
001690,2023-06-30,2023,3,9,INDL,C,D,STD,AAPL,APPLE INC,USD,2023Q2,2023Q3,81797.0000,A
001690,2023-09-30,2023,4,9,INDL,C,D,STD,AAPL,APPLE INC,USD,2023Q3,2023Q4,89498.0000,A
001690,2023-12-31,2024,1,9,INDL,C,D,STD,AAPL,APPLE INC,USD,2023Q4,2024Q1,119575.0000,A
003813,2001-01-31,2000,4,1,INDL,C,D,STD,TGT,TARGET CORP,USD,2000Q4,2000Q4,12324.0000,A
003813,2001-04-30,2001,1,1,INDL,C,D,STD,TGT,TARGET CORP,USD,2001Q1,2001Q1,8334.0000,A
003813,2001-07-31,2001,2,1,INDL,C,D,STD,TGT,TARGET CORP,USD,2001Q2,2001Q2,8941.0000,A
003813,2001-10-31,2001,3,1,INDL,C,D,STD,TGT,TARGET CORP,USD,2001Q3,2001Q3,9331.0000,A
003813,2002-01-31,2001,4,1,INDL,C,D,STD,TGT,TARGET CORP,USD,2001Q4,2001Q4,13220.0000,A
003813,2002-04-30,2002,1,1,INDL,C,D,STD,TGT,TARGET CORP,USD,2002Q1,2002Q1,9594.0000,A
003813,2002-07-31,2002,2,1,INDL,C,D,STD,TGT,TARGET CORP,USD,2002Q2,2002Q2,10068.0000,A
003813,2002-10-31,2002,3,1,INDL,C,D,STD,TGT,TARGET CORP,USD,2002Q3,2002Q3,10194.0000,A
003813,2003-01-31,2002,4,1,INDL,C,D,STD,TGT,TARGET CORP,USD,2002Q4,2002Q4,14061.0000,A
003813,2003-04-30,2003,1,1,INDL,C,D,STD,TGT,TARGET CORP,USD,2003Q1,2003Q1,8928.0000,A
003813,2003-07-31,2003,2,1,INDL,C,D,STD,TGT,TARGET CORP,USD,2003Q2,2003Q2,9594.0000,A
003813,2003-10-31,2003,3,1,INDL,C,D,STD,TGT,TARGET CORP,USD,2003Q3,2003Q3,9827.0000,A
003813,2004-01-31,2003,4,1,INDL,C,D,STD,TGT,TARGET CORP,USD,2003Q4,2003Q4,13676.0000,A
003813,2004-04-30,2004,1,1,INDL,C,D,STD,TGT,TARGET CORP,USD,2004Q1,2004Q1,10180.0000,A
003813,2004-07-31,2004,2,1,INDL,C,D,STD,TGT,TARGET CORP,USD,2004Q2,2004Q2,10556.0000,A
003813,2004-10-31,2004,3,1,INDL,C,D,STD,TGT,TARGET CORP,USD,2004Q3,2004Q3,10909.0000,A
003813,2005-01-31,2004,4,1,INDL,C,D,STD,TGT,TARGET CORP,USD,2004Q4,2004Q4,15194.0000,A
003813,2005-04-30,2005,1,1,INDL,C,D,STD,TGT,TARGET CORP,USD,2005Q1,2005Q1,11477.0000,A
003813,2005-07-31,2005,2,1,INDL,C,D,STD,TGT,TARGET CORP,USD,2005Q2,2005Q2,11990.0000,A
003813,2005-10-31,2005,3,1,INDL,C,D,STD,TGT,TARGET CORP,USD,2005Q3,2005Q3,12206.0000,A
003813,2006-01-31,2005,4,1,INDL,C,D,STD,TGT,TARGET CORP,USD,2005Q4,2005Q4,16947.0000,A
003813,2006-04-30,2006,1,1,INDL,C,D,STD,TGT,TARGET CORP,USD,2006Q1,2006Q1,12863.0000,A
003813,2006-07-31,2006,2,1,INDL,C,D,STD,TGT,TARGET CORP,USD,2006Q2,2006Q2,13347.0000,A
003813,2006-10-31,2006,3,1,INDL,C,D,STD,TGT,TARGET CORP,USD,2006Q3,2006Q3,13570.0000,A
003813,2007-01-31,2006,4,1,INDL,C,D,STD,TGT,TARGET CORP,USD,2006Q4,2006Q4,19710.0000,A
003813,2007-04-30,2007,1,1,INDL,C,D,STD,TGT,TARGET CORP,USD,2007Q1,2007Q1,14041.0000,A
003813,2007-07-31,2007,2,1,INDL,C,D,STD,TGT,TARGET CORP,USD,2007Q2,2007Q2,14620.0000,A
003813,2007-10-31,2007,3,1,INDL,C,D,STD,TGT,TARGET CORP,USD,2007Q3,2007Q3,14835.0000,A
003813,2008-01-31,2007,4,1,INDL,C,D,STD,TGT,TARGET CORP,USD,2007Q4,2007Q4,19871.0000,A
003813,2008-04-30,2008,1,1,INDL,C,D,STD,TGT,TARGET CORP,USD,2008Q1,2008Q1,14802.0000,A
003813,2008-07-31,2008,2,1,INDL,C,D,STD,TGT,TARGET CORP,USD,2008Q2,2008Q2,15472.0000,A
003813,2008-10-31,2008,3,1,INDL,C,D,STD,TGT,TARGET CORP,USD,2008Q3,2008Q3,15114.0000,A
003813,2009-01-31,2008,4,1,INDL,C,D,STD,TGT,TARGET CORP,USD,2008Q4,2008Q4,19560.0000,A
003813,2009-04-30,2009,1,1,INDL,C,D,STD,TGT,TARGET CORP,USD,2009Q1,2009Q1,14833.0000,A
003813,2009-07-31,2009,2,1,INDL,C,D,STD,TGT,TARGET CORP,USD,2009Q2,2009Q2,15067.0000,A
003813,2009-10-31,2009,3,1,INDL,C,D,STD,TGT,TARGET CORP,USD,2009Q3,2009Q3,15276.0000,A
003813,2010-01-31,2009,4,1,INDL,C,D,STD,TGT,TARGET CORP,USD,2009Q4,2009Q4,20181.0000,A
003813,2010-04-30,2010,1,1,INDL,C,D,STD,TGT,TARGET CORP,USD,2010Q1,2010Q1,15593.0000,A
003813,2010-07-31,2010,2,1,INDL,C,D,STD,TGT,TARGET CORP,USD,2010Q2,2010Q2,15531.0000,A
003813,2010-10-31,2010,3,1,INDL,C,D,STD,TGT,TARGET CORP,USD,2010Q3,2010Q3,15605.0000,A
003813,2011-01-31,2010,4,1,INDL,C,D,STD,TGT,TARGET CORP,USD,2010Q4,2010Q4,20661.0000,A
003813,2011-04-30,2011,1,1,INDL,C,D,STD,TGT,TARGET CORP,USD,2011Q1,2011Q1,15935.0000,A
003813,2011-07-31,2011,2,1,INDL,C,D,STD,TGT,TARGET CORP,USD,2011Q2,2011Q2,16240.0000,A
003813,2011-10-31,2011,3,1,INDL,C,D,STD,TGT,TARGET CORP,USD,2011Q3,2011Q3,16402.0000,A
003813,2012-01-31,2011,4,1,INDL,C,D,STD,TGT,TARGET CORP,USD,2011Q4,2011Q4,21288.0000,A
003813,2012-04-30,2012,1,1,INDL,C,D,STD,TGT,TARGET CORP,USD,2012Q1,2012Q1,16867.0000,A
003813,2012-07-31,2012,2,1,INDL,C,D,STD,TGT,TARGET CORP,USD,2012Q2,2012Q2,16779.0000,A
003813,2012-10-31,2012,3,1,INDL,C,D,STD,TGT,TARGET CORP,USD,2012Q3,2012Q3,16929.0000,A
003813,2013-01-31,2012,4,1,INDL,C,D,STD,TGT,TARGET CORP,USD,2012Q4,2012Q4,22726.0000,A
003813,2013-04-30,2013,1,1,INDL,C,D,STD,TGT,TARGET CORP,USD,2013Q1,2013Q1,16620.0000,A
003813,2013-07-31,2013,2,1,INDL,C,D,STD,TGT,TARGET CORP,USD,2013Q2,2013Q2,16841.0000,A
003813,2013-10-31,2013,3,1,INDL,C,D,STD,TGT,TARGET CORP,USD,2013Q3,2013Q3,16925.0000,A
003813,2014-01-31,2013,4,1,INDL,C,D,STD,TGT,TARGET CORP,USD,2013Q4,2013Q4,20893.0000,A
003813,2014-04-30,2014,1,1,INDL,C,D,STD,TGT,TARGET CORP,USD,2014Q1,2014Q1,16657.0000,A
003813,2014-07-31,2014,2,1,INDL,C,D,STD,TGT,TARGET CORP,USD,2014Q2,2014Q2,16957.0000,A
003813,2014-10-31,2014,3,1,INDL,C,D,STD,TGT,TARGET CORP,USD,2014Q3,2014Q3,17253.0000,A
003813,2015-01-31,2014,4,1,INDL,C,D,STD,TGT,TARGET CORP,USD,2014Q4,2014Q4,21751.0000,A
003813,2015-04-30,2015,1,1,INDL,C,D,STD,TGT,TARGET CORP,USD,2015Q1,2015Q1,17119.0000,A
003813,2015-07-31,2015,2,1,INDL,C,D,STD,TGT,TARGET CORP,USD,2015Q2,2015Q2,17427.0000,A
003813,2015-10-31,2015,3,1,INDL,C,D,STD,TGT,TARGET CORP,USD,2015Q3,2015Q3,17613.0000,A
003813,2016-01-31,2015,4,1,INDL,C,D,STD,TGT,TARGET CORP,USD,2015Q4,2015Q4,21626.0000,A
003813,2016-04-30,2016,1,1,INDL,C,D,STD,TGT,TARGET CORP,USD,2016Q1,2016Q1,16196.0000,A
003813,2016-07-31,2016,2,1,INDL,C,D,STD,TGT,TARGET CORP,USD,2016Q2,2016Q2,16168.0000,A
003813,2016-10-31,2016,3,1,INDL,C,D,STD,TGT,TARGET CORP,USD,2016Q3,2016Q3,16441.0000,A
003813,2017-01-31,2016,4,1,INDL,C,D,STD,TGT,TARGET CORP,USD,2016Q4,2016Q4,20690.0000,A
003813,2017-04-30,2017,1,1,INDL,C,D,STD,TGT,TARGET CORP,USD,2017Q1,2017Q1,16223.0000,A
003813,2017-07-31,2017,2,1,INDL,C,D,STD,TGT,TARGET CORP,USD,2017Q2,2017Q2,16634.0000,A
003813,2017-10-31,2017,3,1,INDL,C,D,STD,TGT,TARGET CORP,USD,2017Q3,2017Q3,16874.0000,A
003813,2018-01-31,2017,4,1,INDL,C,D,STD,TGT,TARGET CORP,USD,2017Q4,2017Q4,22983.0000,A
003813,2018-04-30,2018,1,1,INDL,C,D,STD,TGT,TARGET CORP,USD,2018Q1,2018Q1,16781.0000,A
003813,2018-07-31,2018,2,1,INDL,C,D,STD,TGT,TARGET CORP,USD,2018Q2,2018Q2,17777.0000,A
003813,2018-10-31,2018,3,1,INDL,C,D,STD,TGT,TARGET CORP,USD,2018Q3,2018Q3,17821.0000,A
003813,2019-01-31,2018,4,1,INDL,C,D,STD,TGT,TARGET CORP,USD,2018Q4,2018Q4,22977.0000,A
003813,2019-04-30,2019,1,1,INDL,C,D,STD,TGT,TARGET CORP,USD,2019Q1,2019Q1,17627.0000,A
003813,2019-07-31,2019,2,1,INDL,C,D,STD,TGT,TARGET CORP,USD,2019Q2,2019Q2,18422.0000,A
003813,2019-10-31,2019,3,1,INDL,C,D,STD,TGT,TARGET CORP,USD,2019Q3,2019Q3,18664.0000,A
003813,2020-01-31,2019,4,1,INDL,C,D,STD,TGT,TARGET CORP,USD,2019Q4,2019Q4,23399.0000,A
003813,2020-04-30,2020,1,1,INDL,C,D,STD,TGT,TARGET CORP,USD,2020Q1,2020Q1,19615.0000,A
003813,2020-07-31,2020,2,1,INDL,C,D,STD,TGT,TARGET CORP,USD,2020Q2,2020Q2,22975.0000,A
003813,2020-10-31,2020,3,1,INDL,C,D,STD,TGT,TARGET CORP,USD,2020Q3,2020Q3,22632.0000,A
003813,2021-01-31,2020,4,1,INDL,C,D,STD,TGT,TARGET CORP,USD,2020Q4,2020Q4,28339.0000,A
003813,2021-04-30,2021,1,1,INDL,C,D,STD,TGT,TARGET CORP,USD,2021Q1,2021Q1,24197.0000,A
003813,2021-07-31,2021,2,1,INDL,C,D,STD,TGT,TARGET CORP,USD,2021Q2,2021Q2,25160.0000,A
003813,2021-10-31,2021,3,1,INDL,C,D,STD,TGT,TARGET CORP,USD,2021Q3,2021Q3,25652.0000,A
003813,2022-01-31,2021,4,1,INDL,C,D,STD,TGT,TARGET CORP,USD,2021Q4,2021Q4,30996.0000,A
003813,2022-04-30,2022,1,1,INDL,C,D,STD,TGT,TARGET CORP,USD,2022Q1,2022Q1,25170.0000,A
003813,2022-07-31,2022,2,1,INDL,C,D,STD,TGT,TARGET CORP,USD,2022Q2,2022Q2,26037.0000,A
003813,2022-10-31,2022,3,1,INDL,C,D,STD,TGT,TARGET CORP,USD,2022Q3,2022Q3,26518.0000,A
003813,2023-01-31,2022,4,1,INDL,C,D,STD,TGT,TARGET CORP,USD,2022Q4,2022Q4,31395.0000,A
003813,2023-04-30,2023,1,1,INDL,C,D,STD,TGT,TARGET CORP,USD,2023Q1,2023Q1,25322.0000,A
003813,2023-07-31,2023,2,1,INDL,C,D,STD,TGT,TARGET CORP,USD,2023Q2,2023Q2,24773.0000,A
003813,2023-10-31,2023,3,1,INDL,C,D,STD,TGT,TARGET CORP,USD,2023Q3,2023Q3,25398.0000,A
003813,2024-01-31,2023,4,1,INDL,C,D,STD,TGT,TARGET CORP,USD,2023Q4,2023Q4,31919.0000,A
102450,2001-03-31,2000,4,3,INDL,C,D,STD,NTDOY,NINTENDO CO LTD,USD,2001Q1,2000Q4,3727.3900,A
102450,2001-06-30,2001,1,3,INDL,C,D,STD,NTDOY,NINTENDO CO LTD,USD,2001Q2,2001Q1,,A
102450,2001-09-30,2001,2,3,INDL,C,D,STD,NTDOY,NINTENDO CO LTD,USD,2001Q3,2001Q2,,A
102450,2001-12-31,2001,3,3,INDL,C,D,STD,NTDOY,NINTENDO CO LTD,USD,2001Q4,2001Q3,,A
102450,2002-03-31,2001,4,3,INDL,C,D,STD,NTDOY,NINTENDO CO LTD,USD,2002Q1,2001Q4,4181.5070,A
102450,2002-06-30,2002,1,3,INDL,C,D,STD,NTDOY,NINTENDO CO LTD,USD,2002Q2,2002Q1,,A
102450,2002-09-30,2002,2,3,INDL,C,D,STD,NTDOY,NINTENDO CO LTD,USD,2002Q3,2002Q2,,A
102450,2002-12-31,2002,3,3,INDL,C,D,STD,NTDOY,NINTENDO CO LTD,USD,2002Q4,2002Q3,,A
102450,2003-03-31,2002,4,3,INDL,C,D,STD,NTDOY,NINTENDO CO LTD,USD,2003Q1,2002Q4,4269.7980,A
102450,2003-06-30,2003,1,3,INDL,C,D,STD,NTDOY,NINTENDO CO LTD,USD,2003Q2,2003Q1,,A
102450,2003-09-30,2003,2,3,INDL,C,D,STD,NTDOY,NINTENDO CO LTD,USD,2003Q3,2003Q2,,A
102450,2003-12-31,2003,3,3,INDL,C,D,STD,NTDOY,NINTENDO CO LTD,USD,2003Q4,2003Q3,,A
102450,2004-03-31,2003,4,3,INDL,C,D,STD,NTDOY,NINTENDO CO LTD,USD,2004Q1,2003Q4,4899.1300,A
102450,2004-06-30,2004,1,3,INDL,C,D,STD,NTDOY,NINTENDO CO LTD,USD,2004Q2,2004Q1,750.7360,A
102450,2004-09-30,2004,2,3,INDL,C,D,STD,NTDOY,NINTENDO CO LTD,USD,2004Q3,2004Q2,955.3350,A
102450,2004-12-31,2004,3,3,INDL,C,D,STD,NTDOY,NINTENDO CO LTD,USD,2004Q4,2004Q3,2378.2010,A
102450,2005-03-31,2004,4,3,INDL,C,D,STD,NTDOY,NINTENDO CO LTD,USD,2005Q1,2004Q4,728.6980,A
102450,2005-06-30,2005,1,3,INDL,C,D,STD,NTDOY,NINTENDO CO LTD,USD,2005Q2,2005Q1,637.3100,A
102450,2005-09-30,2005,2,3,INDL,C,D,STD,NTDOY,NINTENDO CO LTD,USD,2005Q3,2005Q2,919.4380,A
102450,2005-12-31,2005,3,3,INDL,C,D,STD,NTDOY,NINTENDO CO LTD,USD,2005Q4,2005Q3,1941.2080,A
102450,2006-03-31,2005,4,3,INDL,C,D,STD,NTDOY,NINTENDO CO LTD,USD,2006Q1,2005Q4,850.9950,A
102450,2006-06-30,2006,1,3,INDL,C,D,STD,NTDOY,NINTENDO CO LTD,USD,2006Q2,2006Q1,1143.2980,A
102450,2006-09-30,2006,2,3,INDL,C,D,STD,NTDOY,NINTENDO CO LTD,USD,2006Q3,2006Q2,1389.2640,A
102450,2006-12-31,2006,3,3,INDL,C,D,STD,NTDOY,NINTENDO CO LTD,USD,2006Q4,2006Q3,3454.5750,A
102450,2007-03-31,2006,4,3,INDL,C,D,STD,NTDOY,NINTENDO CO LTD,USD,2007Q1,2006Q4,2234.4860,A
102450,2007-06-30,2007,1,3,INDL,C,D,STD,NTDOY,NINTENDO CO LTD,USD,2007Q2,2007Q1,2759.0490,A
102450,2007-09-30,2007,2,3,INDL,C,D,STD,NTDOY,NINTENDO CO LTD,USD,2007Q3,2007Q2,3284.2930,A
102450,2007-12-31,2007,3,3,INDL,C,D,STD,NTDOY,NINTENDO CO LTD,USD,2007Q4,2007Q3,5741.0460,A
102450,2008-03-31,2007,4,3,INDL,C,D,STD,NTDOY,NINTENDO CO LTD,USD,2008Q1,2007Q4,4964.9570,A
102450,2008-06-30,2008,1,3,INDL,C,D,STD,NTDOY,NINTENDO CO LTD,USD,2008Q2,2008Q1,3987.7560,A
102450,2008-09-30,2008,2,3,INDL,C,D,STD,NTDOY,NINTENDO CO LTD,USD,2008Q3,2008Q2,3911.8000,A
102450,2008-12-31,2008,3,3,INDL,C,D,STD,NTDOY,NINTENDO CO LTD,USD,2008Q4,2008Q3,9022.4400,A
102450,2009-03-31,2008,4,3,INDL,C,D,STD,NTDOY,NINTENDO CO LTD,USD,2009Q1,2008Q4,1621.8470,A
102450,2009-06-30,2009,1,3,INDL,C,D,STD,NTDOY,NINTENDO CO LTD,USD,2009Q2,2009Q1,2629.1020,A
102450,2009-09-30,2009,2,3,INDL,C,D,STD,NTDOY,NINTENDO CO LTD,USD,2009Q3,2009Q2,3495.1350,A
102450,2009-12-31,2009,3,3,INDL,C,D,STD,NTDOY,NINTENDO CO LTD,USD,2009Q4,2009Q3,6576.4180,A
102450,2010-03-31,2009,4,3,INDL,C,D,STD,NTDOY,NINTENDO CO LTD,USD,2010Q1,2009Q4,2656.5720,A
102450,2010-06-30,2010,1,3,INDL,C,D,STD,NTDOY,NINTENDO CO LTD,USD,2010Q2,2010Q1,2131.8340,A
102450,2010-09-30,2010,2,3,INDL,C,D,STD,NTDOY,NINTENDO CO LTD,USD,2010Q3,2010Q2,2215.8260,A
102450,2010-12-31,2010,3,3,INDL,C,D,STD,NTDOY,NINTENDO CO LTD,USD,2010Q4,2010Q3,5545.6910,A
102450,2011-03-31,2010,4,3,INDL,C,D,STD,NTDOY,NINTENDO CO LTD,USD,2011Q1,2010Q4,2363.0650,A
102450,2011-06-30,2011,1,3,INDL,C,D,STD,NTDOY,NINTENDO CO LTD,USD,2011Q2,2011Q1,1164.7690,A
102450,2011-09-30,2011,2,3,INDL,C,D,STD,NTDOY,NINTENDO CO LTD,USD,2011Q3,2011Q2,1635.5560,A
102450,2011-12-31,2011,3,3,INDL,C,D,STD,NTDOY,NINTENDO CO LTD,USD,2011Q4,2011Q3,4424.4740,A
102450,2012-03-31,2011,4,3,INDL,C,D,STD,NTDOY,NINTENDO CO LTD,USD,2012Q1,2011Q4,634.1020,A
102450,2012-06-30,2012,1,3,INDL,C,D,STD,NTDOY,NINTENDO CO LTD,USD,2012Q2,2012Q1,1062.6860,A
102450,2012-09-30,2012,2,3,INDL,C,D,STD,NTDOY,NINTENDO CO LTD,USD,2012Q3,2012Q2,1516.8060,A
102450,2012-12-31,2012,3,3,INDL,C,D,STD,NTDOY,NINTENDO CO LTD,USD,2012Q4,2012Q3,3688.2020,A
102450,2013-03-31,2012,4,3,INDL,C,D,STD,NTDOY,NINTENDO CO LTD,USD,2013Q1,2012Q4,480.6280,A
102450,2013-06-30,2013,1,3,INDL,C,D,STD,NTDOY,NINTENDO CO LTD,USD,2013Q2,2013Q1,821.9740,A
102450,2013-09-30,2013,2,3,INDL,C,D,STD,NTDOY,NINTENDO CO LTD,USD,2013Q3,2013Q2,1178.0460,A
102450,2013-12-31,2013,3,3,INDL,C,D,STD,NTDOY,NINTENDO CO LTD,USD,2013Q4,2013Q3,2742.2130,A
102450,2014-03-31,2013,4,3,INDL,C,D,STD,NTDOY,NINTENDO CO LTD,USD,2014Q1,2013Q4,809.5830,A
102450,2014-06-30,2014,1,3,INDL,C,D,STD,NTDOY,NINTENDO CO LTD,USD,2014Q2,2014Q1,737.5100,A
102450,2014-09-30,2014,2,3,INDL,C,D,STD,NTDOY,NINTENDO CO LTD,USD,2014Q3,2014Q2,825.4940,A
102450,2014-12-31,2014,3,3,INDL,C,D,STD,NTDOY,NINTENDO CO LTD,USD,2014Q4,2014Q3,2132.6160,A
102450,2015-03-31,2014,4,3,INDL,C,D,STD,NTDOY,NINTENDO CO LTD,USD,2015Q1,2014Q4,887.4080,A
102450,2015-06-30,2015,1,3,INDL,C,D,STD,NTDOY,NINTENDO CO LTD,USD,2015Q2,2015Q1,738.9270,A
102450,2015-09-30,2015,2,3,INDL,C,D,STD,NTDOY,NINTENDO CO LTD,USD,2015Q3,2015Q2,965.2880,A
102450,2015-12-31,2015,3,3,INDL,C,D,STD,NTDOY,NINTENDO CO LTD,USD,2015Q4,2015Q3,1835.0220,A
102450,2016-03-31,2015,4,3,INDL,C,D,STD,NTDOY,NINTENDO CO LTD,USD,2016Q1,2015Q4,948.0340,A
102450,2016-06-30,2016,1,3,INDL,C,D,STD,NTDOY,NINTENDO CO LTD,USD,2016Q2,2016Q1,602.9870,A
102450,2016-09-30,2016,2,3,INDL,C,D,STD,NTDOY,NINTENDO CO LTD,USD,2016Q3,2016Q2,748.7770,A
102450,2016-12-31,2016,3,3,INDL,C,D,STD,NTDOY,NINTENDO CO LTD,USD,2016Q4,2016Q3,1312.3990,A
102450,2017-03-31,2016,4,3,INDL,C,D,STD,NTDOY,NINTENDO CO LTD,USD,2017Q1,2016Q4,1725.8830,A
102450,2017-06-30,2017,1,3,INDL,C,D,STD,NTDOY,NINTENDO CO LTD,USD,2017Q2,2017Q1,1370.7210,A
102450,2017-09-30,2017,2,3,INDL,C,D,STD,NTDOY,NINTENDO CO LTD,USD,2017Q3,2017Q2,1949.9550,A
102450,2017-12-31,2017,3,3,INDL,C,D,STD,NTDOY,NINTENDO CO LTD,USD,2017Q4,2017Q3,4284.3640,A
102450,2018-03-31,2017,4,3,INDL,C,D,STD,NTDOY,NINTENDO CO LTD,USD,2018Q1,2017Q4,2335.4690,A
102450,2018-06-30,2018,1,3,INDL,C,D,STD,NTDOY,NINTENDO CO LTD,USD,2018Q2,2018Q1,1517.1090,A
102450,2018-09-30,2018,2,3,INDL,C,D,STD,NTDOY,NINTENDO CO LTD,USD,2018Q3,2018Q2,1909.9140,A
102450,2018-12-31,2018,3,3,INDL,C,D,STD,NTDOY,NINTENDO CO LTD,USD,2018Q4,2018Q3,5662.7130,A
102450,2019-03-31,2018,4,3,INDL,C,D,STD,NTDOY,NINTENDO CO LTD,USD,2019Q1,2018Q4,1744.9220,A
102450,2019-06-30,2019,1,3,INDL,C,D,STD,NTDOY,NINTENDO CO LTD,USD,2019Q2,2019Q1,1596.8480,A
102450,2019-09-30,2019,2,3,INDL,C,D,STD,NTDOY,NINTENDO CO LTD,USD,2019Q3,2019Q2,2510.5790,A
102450,2019-12-31,2019,3,3,INDL,C,D,STD,NTDOY,NINTENDO CO LTD,USD,2019Q4,2019Q3,5302.6220,A
102450,2020-03-31,2019,4,3,INDL,C,D,STD,NTDOY,NINTENDO CO LTD,USD,2020Q1,2019Q4,2750.6330,A
102450,2020-06-30,2020,1,3,INDL,C,D,STD,NTDOY,NINTENDO CO LTD,USD,2020Q2,2020Q1,3321.9240,A
102450,2020-09-30,2020,2,3,INDL,C,D,STD,NTDOY,NINTENDO CO LTD,USD,2020Q3,2020Q2,3974.3100,A
102450,2020-12-31,2020,3,3,INDL,C,D,STD,NTDOY,NINTENDO CO LTD,USD,2020Q4,2020Q3,6160.6280,A
102450,2021-03-31,2020,4,3,INDL,C,D,STD,NTDOY,NINTENDO CO LTD,USD,2021Q1,2020Q4,2446.1820,A
102450,2021-06-30,2021,1,3,INDL,C,D,STD,NTDOY,NINTENDO CO LTD,USD,2021Q2,2021Q1,2907.3170,A
102450,2021-09-30,2021,2,3,INDL,C,D,STD,NTDOY,NINTENDO CO LTD,USD,2021Q3,2021Q2,2689.5190,A
102450,2021-12-31,2021,3,3,INDL,C,D,STD,NTDOY,NINTENDO CO LTD,USD,2021Q4,2021Q3,5869.9130,A
102450,2022-03-31,2021,4,3,INDL,C,D,STD,NTDOY,NINTENDO CO LTD,USD,2022Q1,2021Q4,2494.1710,A
102450,2022-06-30,2022,1,3,INDL,C,D,STD,NTDOY,NINTENDO CO LTD,USD,2022Q2,2022Q1,2262.4910,A
102450,2022-09-30,2022,2,3,INDL,C,D,STD,NTDOY,NINTENDO CO LTD,USD,2022Q3,2022Q2,2278.1910,A
102450,2022-12-31,2022,3,3,INDL,C,D,STD,NTDOY,NINTENDO CO LTD,USD,2022Q4,2022Q3,5280.7820,A
102450,2023-03-31,2022,4,3,INDL,C,D,STD,NTDOY,NINTENDO CO LTD,USD,2023Q1,2022Q4,2226.8790,A
102450,2023-06-30,2023,1,3,INDL,C,D,STD,NTDOY,NINTENDO CO LTD,USD,2023Q2,2023Q1,3190.8100,A
102450,2023-09-30,2023,2,3,INDL,C,D,STD,NTDOY,NINTENDO CO LTD,USD,2023Q3,2023Q2,2140.0440,A
102450,2023-12-31,2023,3,3,INDL,C,D,STD,NTDOY,NINTENDO CO LTD,USD,2023Q4,2023Q3,4564.3310,A
